{"cameraMode":{"drawMode":0,"name":"Shaded","section":"Shading Mode"},"sceneLighting":false,"audioPlay":false,"sceneViewState":{"showFog":true,"showMaterialUpdate":false,"showSkybox":true,"showFlares":true,"showImageEffects":true,"showParticleSystems":true},"in2DMode":false,"pivot":{"x":-5.756097316741943,"y":-2.813349962234497,"z":-4.091313362121582},"rotation":{"x":0.18375560641288758,"y":-0.6457913517951965,"z":0.16420939564704896,"w":0.7226578593254089},"size":6.092710971832275,"orthographic":false}