{"cameraMode":{"drawMode":0,"name":"Shaded","section":"Shading Mode"},"sceneLighting":false,"audioPlay":false,"sceneViewState":{"showFog":true,"showMaterialUpdate":false,"showSkybox":true,"showFlares":true,"showImageEffects":true,"showParticleSystems":true},"in2DMode":false,"pivot":{"x":0.7275869250297546,"y":-66.07275390625,"z":-68.00777435302735},"rotation":{"x":-0.0036031806375831367,"y":-0.9277434349060059,"z":0.3732454180717468,"w":-0.008816715329885483},"size":49.83689880371094,"orthographic":false}