{"cameraMode":{"drawMode":0,"name":"Shaded","section":"Shading Mode"},"sceneLighting":true,"audioPlay":false,"sceneViewState":{"showFog":true,"showMaterialUpdate":false,"showSkybox":true,"showFlares":true,"showImageEffects":true,"showParticleSystems":true},"in2DMode":false,"pivot":{"x":3.7651238441467287,"y":-15.890417098999024,"z":14.912104606628418},"rotation":{"x":0.3416857123374939,"y":0.1626521497964859,"z":-0.060189083218574527,"w":0.923684298992157},"size":17.85590934753418,"orthographic":false}