{"cameraMode":{"drawMode":0,"name":"Shaded","section":"Shading Mode"},"sceneLighting":false,"audioPlay":false,"sceneViewState":{"showFog":true,"showMaterialUpdate":false,"showSkybox":true,"showFlares":true,"showImageEffects":true,"showParticleSystems":true},"in2DMode":false,"pivot":{"x":-5.593482971191406,"y":-162.31776428222657,"z":-19.992473602294923},"rotation":{"x":-0.06324572116136551,"y":0.7369407415390015,"z":-0.6693856120109558,"w":-0.06962952017784119},"size":99.22444915771485,"orthographic":false}