{"cameraMode":{"drawMode":0,"name":"Shaded","section":"Shading Mode"},"sceneLighting":true,"audioPlay":false,"sceneViewState":{"showFog":true,"showMaterialUpdate":false,"showSkybox":true,"showFlares":true,"showImageEffects":true,"showParticleSystems":true},"in2DMode":false,"pivot":{"x":106.6898422241211,"y":27.733917236328126,"z":18.220468521118165},"rotation":{"x":-0.09246744215488434,"y":0.8159182071685791,"z":-0.13612131774425507,"w":-0.5542545318603516},"size":14.13475513458252,"orthographic":false}