{"cameraMode":{"drawMode":0,"name":"Shaded","section":"Shading Mode"},"sceneLighting":false,"audioPlay":false,"sceneViewState":{"showFog":true,"showMaterialUpdate":false,"showSkybox":true,"showFlares":true,"showImageEffects":true,"showParticleSystems":true},"in2DMode":false,"pivot":{"x":14.867533683776856,"y":-8.194754600524903,"z":-4.029721260070801},"rotation":{"x":0.16929548978805543,"y":0.704684317111969,"z":-0.1791047751903534,"w":0.6654490828514099},"size":16.712324142456056,"orthographic":false}