{"cameraMode":{"drawMode":0,"name":"Shaded","section":"Shading Mode"},"sceneLighting":false,"audioPlay":false,"sceneViewState":{"showFog":true,"showMaterialUpdate":false,"showSkybox":true,"showFlares":true,"showImageEffects":true,"showParticleSystems":true},"in2DMode":false,"pivot":{"x":19.36799430847168,"y":-20.153196334838868,"z":20.37156105041504},"rotation":{"x":-0.26409363746643069,"y":-0.3638911545276642,"z":0.10842415690422058,"w":-0.8866498470306397},"size":24.113367080688478,"orthographic":false}